nama_usaha,kategori,deskripsi,latitude,longitude,kontak_wa,link_foto,link_gmaps,id_unik,produk_unggulan,jam_operasional,cerita_umkm
"Depot Lestari #1",Belanja,"Menjual barang kebutuhan sehari-hari lengkap, sembako murah, dan kebutuhan rumah tangga.",-7.156011,111.911210,081234567101,https://images.unsplash.com/photo-1596797038530-2c107229654b?w=500,,umkm-test-1,"Gula Pasir, Gas LPG 3kg",08:00 - 17:00,"Ini adalah kisah perjuangan UMKM Depot Lestari #1 yang didirikan untuk melayani kebutuhan masyarakat sekitar Campurejo dengan dedikasi tinggi."
"Fotokopi Sari #2",Kerajinan,"Memproduksi kerajinan tangan berkualitas tinggi berbahan lokal untuk hiasan dan peralatan rumah.",-7.149153,111.900486,081234567102,https://images.unsplash.com/photo-1596797038530-2c107229654b?w=500,,umkm-test-2,"Tampah, Caping, Keranjang Bambu",05:00 - 22:00,"Ini adalah kisah perjuangan UMKM Fotokopi Sari #2 yang didirikan untuk melayani kebutuhan masyarakat sekitar Campurejo dengan dedikasi tinggi."
"Bibit Sumber Rejeki #3",Kerajinan,"Memproduksi kerajinan tangan berkualitas tinggi berbahan lokal untuk hiasan dan peralatan rumah.",-7.139223,111.900273,081234567103,https://images.unsplash.com/photo-1596797038530-2c107229654b?w=500,,umkm-test-3,"Caping, Kain Batik, Tampah",09:00 - 21:00,"Ini adalah kisah perjuangan UMKM Bibit Sumber Rejeki #3 yang didirikan untuk melayani kebutuhan masyarakat sekitar Campurejo dengan dedikasi tinggi."
"Bengkel Indah #4",Kuliner,"Menyediakan aneka hidangan makanan dan minuman lezat khas Nusantara dengan harga merakyat.",-7.149224,111.895348,081234567104,https://images.unsplash.com/photo-1596797038530-2c107229654b?w=500,,umkm-test-4,"Es Teh, Gorengan Hangat",07:00 - 16:00,"Ini adalah kisah perjuangan UMKM Bengkel Indah #4 yang didirikan untuk melayani kebutuhan masyarakat sekitar Campurejo dengan dedikasi tinggi."
"Toko Sejahtera #5",Kerajinan,"Memproduksi kerajinan tangan berkualitas tinggi berbahan lokal untuk hiasan dan peralatan rumah.",-7.140484,111.895385,081234567105,https://images.unsplash.com/photo-1596797038530-2c107229654b?w=500,,umkm-test-5,"Keranjang Bambu, Tampah",06:00 - 15:00,"Ini adalah kisah perjuangan UMKM Toko Sejahtera #5 yang didirikan untuk melayani kebutuhan masyarakat sekitar Campurejo dengan dedikasi tinggi."
"Toko Jaya #6",Jasa,"Melayani jasa perbaikan, perawatan, dan kebutuhan teknis harian Anda secara cepat dan profesional.",-7.144492,111.901935,081234567106,,,umkm-test-6,"Instalasi Listrik, Cuci Pakaian",07:00 - 16:00,"Ini adalah kisah perjuangan UMKM Toko Jaya #6 yang didirikan untuk melayani kebutuhan masyarakat sekitar Campurejo dengan dedikasi tinggi."
"Laundry Berkah #7",Belanja,"Menjual barang kebutuhan sehari-hari lengkap, sembako murah, dan kebutuhan rumah tangga.",-7.138085,111.909136,081234567107,,,umkm-test-7,"Beras Premium, Minyak Goreng, Sembako",06:00 - 15:00,"Ini adalah kisah perjuangan UMKM Laundry Berkah #7 yang didirikan untuk melayani kebutuhan masyarakat sekitar Campurejo dengan dedikasi tinggi."
"Toko Barokah #8",Pertanian,"Menyediakan berbagai kebutuhan sarana pertanian, bibit unggul, dan pupuk organik berkualitas.",-7.142739,111.914806,081234567108,https://images.unsplash.com/photo-1596797038530-2c107229654b?w=500,,umkm-test-8,"Bibit Jagung, Bibit Padi",10:00 - 22:00,"Ini adalah kisah perjuangan UMKM Toko Barokah #8 yang didirikan untuk melayani kebutuhan masyarakat sekitar Campurejo dengan dedikasi tinggi."
"Bibit Jaya #9",Jasa,"Melayani jasa perbaikan, perawatan, dan kebutuhan teknis harian Anda secara cepat dan profesional.",-7.146788,111.898245,081234567109,,,umkm-test-9,"Servis Elektronik, Potong Rambut, Instalasi Listrik",06:00 - 15:00,"Ini adalah kisah perjuangan UMKM Bibit Jaya #9 yang didirikan untuk melayani kebutuhan masyarakat sekitar Campurejo dengan dedikasi tinggi."
"Jahit Barokah #10",Jasa,"Melayani jasa perbaikan, perawatan, dan kebutuhan teknis harian Anda secara cepat dan profesional.",-7.154057,111.907298,081234567110,https://images.unsplash.com/photo-1596797038530-2c107229654b?w=500,,umkm-test-10,"Servis Elektronik, Instalasi Listrik",07:00 - 16:00,"Ini adalah kisah perjuangan UMKM Jahit Barokah #10 yang didirikan untuk melayani kebutuhan masyarakat sekitar Campurejo dengan dedikasi tinggi."
"Sate Berkah #11",Belanja,"Menjual barang kebutuhan sehari-hari lengkap, sembako murah, dan kebutuhan rumah tangga.",-7.157341,111.906209,081234567111,,,umkm-test-11,"Minyak Goreng, Sembako",06:00 - 15:00,"Ini adalah kisah perjuangan UMKM Sate Berkah #11 yang didirikan untuk melayani kebutuhan masyarakat sekitar Campurejo dengan dedikasi tinggi."
"Bakso Rasa #12",Kuliner,"Menyediakan aneka hidangan makanan dan minuman lezat khas Nusantara dengan harga merakyat.",-7.148177,111.914804,081234567112,https://images.unsplash.com/photo-1596797038530-2c107229654b?w=500,,umkm-test-12,"Gorengan Hangat, Es Teh",06:00 - 15:00,"Ini adalah kisah perjuangan UMKM Bakso Rasa #12 yang didirikan untuk melayani kebutuhan masyarakat sekitar Campurejo dengan dedikasi tinggi."
"Anyaman Barokah #13",Kuliner,"Menyediakan aneka hidangan makanan dan minuman lezat khas Nusantara dengan harga merakyat.",-7.148766,111.912238,081234567113,,,umkm-test-13,"Gorengan Hangat, Es Teh",06:00 - 15:00,"Ini adalah kisah perjuangan UMKM Anyaman Barokah #13 yang didirikan untuk melayani kebutuhan masyarakat sekitar Campurejo dengan dedikasi tinggi."
"Batik Indah #14",Kerajinan,"Memproduksi kerajinan tangan berkualitas tinggi berbahan lokal untuk hiasan dan peralatan rumah.",-7.153068,111.895115,081234567114,,,umkm-test-14,"Caping, Kain Batik, Tampah",06:00 - 15:00,"Ini adalah kisah perjuangan UMKM Batik Indah #14 yang didirikan untuk melayani kebutuhan masyarakat sekitar Campurejo dengan dedikasi tinggi."
"Fotokopi Rasa #15",Kerajinan,"Memproduksi kerajinan tangan berkualitas tinggi berbahan lokal untuk hiasan dan peralatan rumah.",-7.148417,111.902543,081234567115,https://images.unsplash.com/photo-1596797038530-2c107229654b?w=500,,umkm-test-15,"Tampah, Keranjang Bambu, Caping",10:00 - 22:00,"Ini adalah kisah perjuangan UMKM Fotokopi Rasa #15 yang didirikan untuk melayani kebutuhan masyarakat sekitar Campurejo dengan dedikasi tinggi."
"Soto Sumber Rejeki #16",Jasa,"Melayani jasa perbaikan, perawatan, dan kebutuhan teknis harian Anda secara cepat dan profesional.",-7.141376,111.900660,081234567116,,,umkm-test-16,"Instalasi Listrik, Jahit Baju, Cuci Pakaian",08:00 - 17:00,"Ini adalah kisah perjuangan UMKM Soto Sumber Rejeki #16 yang didirikan untuk melayani kebutuhan masyarakat sekitar Campurejo dengan dedikasi tinggi."
"Tani Barokah #17",Kerajinan,"Memproduksi kerajinan tangan berkualitas tinggi berbahan lokal untuk hiasan dan peralatan rumah.",-7.143578,111.894711,081234567117,,,umkm-test-17,"Caping, Hiasan Dinding, Tampah",06:00 - 15:00,"Ini adalah kisah perjuangan UMKM Tani Barokah #17 yang didirikan untuk melayani kebutuhan masyarakat sekitar Campurejo dengan dedikasi tinggi."
"Sate Berkah #18",Belanja,"Menjual barang kebutuhan sehari-hari lengkap, sembako murah, dan kebutuhan rumah tangga.",-7.157064,111.906524,081234567118,,,umkm-test-18,"Minyak Goreng, Gula Pasir, Beras Premium",08:00 - 17:00,"Ini adalah kisah perjuangan UMKM Sate Berkah #18 yang didirikan untuk melayani kebutuhan masyarakat sekitar Campurejo dengan dedikasi tinggi."
"Bakso Berkah #19",Belanja,"Menjual barang kebutuhan sehari-hari lengkap, sembako murah, dan kebutuhan rumah tangga.",-7.150871,111.893231,081234567119,,,umkm-test-19,"Gula Pasir, Sembako",05:00 - 22:00,"Ini adalah kisah perjuangan UMKM Bakso Berkah #19 yang didirikan untuk melayani kebutuhan masyarakat sekitar Campurejo dengan dedikasi tinggi."
"Batik Nikmat #20",Jasa,"Melayani jasa perbaikan, perawatan, dan kebutuhan teknis harian Anda secara cepat dan profesional.",-7.154475,111.892338,081234567120,,,umkm-test-20,"Potong Rambut, Instalasi Listrik, Servis Elektronik",05:00 - 22:00,"Ini adalah kisah perjuangan UMKM Batik Nikmat #20 yang didirikan untuk melayani kebutuhan masyarakat sekitar Campurejo dengan dedikasi tinggi."
"Anyaman Mandiri #21",Jasa,"Melayani jasa perbaikan, perawatan, dan kebutuhan teknis harian Anda secara cepat dan profesional.",-7.147412,111.893653,081234567121,,,umkm-test-21,"Cuci Pakaian, Potong Rambut",08:00 - 17:00,"Ini adalah kisah perjuangan UMKM Anyaman Mandiri #21 yang didirikan untuk melayani kebutuhan masyarakat sekitar Campurejo dengan dedikasi tinggi."
"Fotokopi Murni #22",Belanja,"Menjual barang kebutuhan sehari-hari lengkap, sembako murah, dan kebutuhan rumah tangga.",-7.140931,111.910204,081234567122,,,umkm-test-22,"Sembako, Gula Pasir",10:00 - 22:00,"Ini adalah kisah perjuangan UMKM Fotokopi Murni #22 yang didirikan untuk melayani kebutuhan masyarakat sekitar Campurejo dengan dedikasi tinggi."
"Anyaman Lancar #23",Pertanian,"Menyediakan berbagai kebutuhan sarana pertanian, bibit unggul, dan pupuk organik berkualitas.",-7.147181,111.895027,081234567123,,,umkm-test-23,"Pupuk Organik, Bibit Padi",10:00 - 22:00,"Ini adalah kisah perjuangan UMKM Anyaman Lancar #23 yang didirikan untuk melayani kebutuhan masyarakat sekitar Campurejo dengan dedikasi tinggi."
"Anyaman Sumber Rejeki #24",Kuliner,"Menyediakan aneka hidangan makanan dan minuman lezat khas Nusantara dengan harga merakyat.",-7.141347,111.914097,081234567124,https://images.unsplash.com/photo-1596797038530-2c107229654b?w=500,,umkm-test-24,"Gorengan Hangat, Nasi Pecel, Soto Ayam",10:00 - 22:00,"Ini adalah kisah perjuangan UMKM Anyaman Sumber Rejeki #24 yang didirikan untuk melayani kebutuhan masyarakat sekitar Campurejo dengan dedikasi tinggi."
"Toko Barokah #25",Kuliner,"Menyediakan aneka hidangan makanan dan minuman lezat khas Nusantara dengan harga merakyat.",-7.152117,111.909211,081234567125,,,umkm-test-25,"Bakso Urat, Gorengan Hangat",07:00 - 16:00,"Ini adalah kisah perjuangan UMKM Toko Barokah #25 yang didirikan untuk melayani kebutuhan masyarakat sekitar Campurejo dengan dedikasi tinggi."
"Laundry Subur #26",Pertanian,"Menyediakan berbagai kebutuhan sarana pertanian, bibit unggul, dan pupuk organik berkualitas.",-7.155479,111.914462,081234567126,,,umkm-test-26,"Pestisida Alami, Pupuk Organik",07:00 - 16:00,"Ini adalah kisah perjuangan UMKM Laundry Subur #26 yang didirikan untuk melayani kebutuhan masyarakat sekitar Campurejo dengan dedikasi tinggi."
"Sate Sari #27",Kuliner,"Menyediakan aneka hidangan makanan dan minuman lezat khas Nusantara dengan harga merakyat.",-7.148797,111.896632,081234567127,,,umkm-test-27,"Gorengan Hangat, Sate Kambing",07:00 - 16:00,"Ini adalah kisah perjuangan UMKM Sate Sari #27 yang didirikan untuk melayani kebutuhan masyarakat sekitar Campurejo dengan dedikasi tinggi."
"Salon Subur #28",Pertanian,"Menyediakan berbagai kebutuhan sarana pertanian, bibit unggul, dan pupuk organik berkualitas.",-7.151631,111.901868,081234567128,https://images.unsplash.com/photo-1596797038530-2c107229654b?w=500,,umkm-test-28,"Pestisida Alami, Pupuk Organik, Alat Tani",07:00 - 16:00,"Ini adalah kisah perjuangan UMKM Salon Subur #28 yang didirikan untuk melayani kebutuhan masyarakat sekitar Campurejo dengan dedikasi tinggi."
"Depot Mandiri #29",Jasa,"Melayani jasa perbaikan, perawatan, dan kebutuhan teknis harian Anda secara cepat dan profesional.",-7.142110,111.910597,081234567129,https://images.unsplash.com/photo-1596797038530-2c107229654b?w=500,,umkm-test-29,"Cuci Pakaian, Servis Elektronik",09:00 - 21:00,"Ini adalah kisah perjuangan UMKM Depot Mandiri #29 yang didirikan untuk melayani kebutuhan masyarakat sekitar Campurejo dengan dedikasi tinggi."
"Jahit Jaya #30",Pertanian,"Menyediakan berbagai kebutuhan sarana pertanian, bibit unggul, dan pupuk organik berkualitas.",-7.153234,111.893385,081234567130,,,umkm-test-30,"Pestisida Alami, Bibit Jagung, Alat Tani",10:00 - 22:00,"Ini adalah kisah perjuangan UMKM Jahit Jaya #30 yang didirikan untuk melayani kebutuhan masyarakat sekitar Campurejo dengan dedikasi tinggi."
"Bibit Lancar #31",Kerajinan,"Memproduksi kerajinan tangan berkualitas tinggi berbahan lokal untuk hiasan dan peralatan rumah.",-7.144129,111.910835,081234567131,,,umkm-test-31,"Kain Batik, Hiasan Dinding, Keranjang Bambu",10:00 - 22:00,"Ini adalah kisah perjuangan UMKM Bibit Lancar #31 yang didirikan untuk melayani kebutuhan masyarakat sekitar Campurejo dengan dedikasi tinggi."
"Soto Mandiri #32",Kuliner,"Menyediakan aneka hidangan makanan dan minuman lezat khas Nusantara dengan harga merakyat.",-7.147451,111.900580,081234567132,,,umkm-test-32,"Sate Kambing, Nasi Pecel",05:00 - 22:00,"Ini adalah kisah perjuangan UMKM Soto Mandiri #32 yang didirikan untuk melayani kebutuhan masyarakat sekitar Campurejo dengan dedikasi tinggi."
"Nasi Goreng Barokah #33",Belanja,"Menjual barang kebutuhan sehari-hari lengkap, sembako murah, dan kebutuhan rumah tangga.",-7.157070,111.911031,081234567133,,,umkm-test-33,"Gula Pasir, Minyak Goreng, Gas LPG 3kg",05:00 - 22:00,"Ini adalah kisah perjuangan UMKM Nasi Goreng Barokah #33 yang didirikan untuk melayani kebutuhan masyarakat sekitar Campurejo dengan dedikasi tinggi."
"Bakso Sejahtera #34",Belanja,"Menjual barang kebutuhan sehari-hari lengkap, sembako murah, dan kebutuhan rumah tangga.",-7.152455,111.894106,081234567134,,,umkm-test-34,"Sembako, Beras Premium, Minyak Goreng",06:00 - 15:00,"Ini adalah kisah perjuangan UMKM Bakso Sejahtera #34 yang didirikan untuk melayani kebutuhan masyarakat sekitar Campurejo dengan dedikasi tinggi."
"Pupuk Sejahtera #35",Jasa,"Melayani jasa perbaikan, perawatan, dan kebutuhan teknis harian Anda secara cepat dan profesional.",-7.150723,111.910163,081234567135,https://images.unsplash.com/photo-1596797038530-2c107229654b?w=500,,umkm-test-35,"Instalasi Listrik, Servis Elektronik",10:00 - 22:00,"Ini adalah kisah perjuangan UMKM Pupuk Sejahtera #35 yang didirikan untuk melayani kebutuhan masyarakat sekitar Campurejo dengan dedikasi tinggi."
"Sate Berkah #36",Pertanian,"Menyediakan berbagai kebutuhan sarana pertanian, bibit unggul, dan pupuk organik berkualitas.",-7.157147,111.893515,081234567136,,,umkm-test-36,"Alat Tani, Bibit Jagung",10:00 - 22:00,"Ini adalah kisah perjuangan UMKM Sate Berkah #36 yang didirikan untuk melayani kebutuhan masyarakat sekitar Campurejo dengan dedikasi tinggi."
"Toko Subur #37",Belanja,"Menjual barang kebutuhan sehari-hari lengkap, sembako murah, dan kebutuhan rumah tangga.",-7.142341,111.896371,081234567137,,,umkm-test-37,"Gas LPG 3kg, Gula Pasir, Sembako",07:00 - 16:00,"Ini adalah kisah perjuangan UMKM Toko Subur #37 yang didirikan untuk melayani kebutuhan masyarakat sekitar Campurejo dengan dedikasi tinggi."
"Jahit Jaya #38",Jasa,"Melayani jasa perbaikan, perawatan, dan kebutuhan teknis harian Anda secara cepat dan profesional.",-7.151909,111.909375,081234567138,,,umkm-test-38,"Potong Rambut, Jahit Baju",05:00 - 22:00,"Ini adalah kisah perjuangan UMKM Jahit Jaya #38 yang didirikan untuk melayani kebutuhan masyarakat sekitar Campurejo dengan dedikasi tinggi."
"Bibit Berkah #39",Jasa,"Melayani jasa perbaikan, perawatan, dan kebutuhan teknis harian Anda secara cepat dan profesional.",-7.148490,111.903622,081234567139,https://images.unsplash.com/photo-1596797038530-2c107229654b?w=500,,umkm-test-39,"Servis Elektronik, Potong Rambut, Cuci Pakaian",08:00 - 17:00,"Ini adalah kisah perjuangan UMKM Bibit Berkah #39 yang didirikan untuk melayani kebutuhan masyarakat sekitar Campurejo dengan dedikasi tinggi."
"Salon Sejahtera #40",Belanja,"Menjual barang kebutuhan sehari-hari lengkap, sembako murah, dan kebutuhan rumah tangga.",-7.151657,111.899850,081234567140,https://images.unsplash.com/photo-1596797038530-2c107229654b?w=500,,umkm-test-40,"Gas LPG 3kg, Minyak Goreng, Beras Premium",05:00 - 22:00,"Ini adalah kisah perjuangan UMKM Salon Sejahtera #40 yang didirikan untuk melayani kebutuhan masyarakat sekitar Campurejo dengan dedikasi tinggi."
"Batik Lestari #41",Kuliner,"Menyediakan aneka hidangan makanan dan minuman lezat khas Nusantara dengan harga merakyat.",-7.140211,111.907465,081234567141,,,umkm-test-41,"Soto Ayam, Sate Kambing",05:00 - 22:00,"Ini adalah kisah perjuangan UMKM Batik Lestari #41 yang didirikan untuk melayani kebutuhan masyarakat sekitar Campurejo dengan dedikasi tinggi."
"Bengkel Sumber Rejeki #42",Jasa,"Melayani jasa perbaikan, perawatan, dan kebutuhan teknis harian Anda secara cepat dan profesional.",-7.145110,111.904840,081234567142,https://images.unsplash.com/photo-1596797038530-2c107229654b?w=500,,umkm-test-42,"Servis Elektronik, Potong Rambut, Cuci Pakaian",08:00 - 17:00,"Ini adalah kisah perjuangan UMKM Bengkel Sumber Rejeki #42 yang didirikan untuk melayani kebutuhan masyarakat sekitar Campurejo dengan dedikasi tinggi."
"Bengkel Sari #43",Pertanian,"Menyediakan berbagai kebutuhan sarana pertanian, bibit unggul, dan pupuk organik berkualitas.",-7.157704,111.894816,081234567143,https://images.unsplash.com/photo-1596797038530-2c107229654b?w=500,,umkm-test-43,"Pupuk Organik, Bibit Jagung",08:00 - 17:00,"Ini adalah kisah perjuangan UMKM Bengkel Sari #43 yang didirikan untuk melayani kebutuhan masyarakat sekitar Campurejo dengan dedikasi tinggi."
"Salon Lestari #44",Belanja,"Menjual barang kebutuhan sehari-hari lengkap, sembako murah, dan kebutuhan rumah tangga.",-7.146713,111.913570,081234567144,https://images.unsplash.com/photo-1596797038530-2c107229654b?w=500,,umkm-test-44,"Sembako, Gas LPG 3kg, Beras Premium",05:00 - 22:00,"Ini adalah kisah perjuangan UMKM Salon Lestari #44 yang didirikan untuk melayani kebutuhan masyarakat sekitar Campurejo dengan dedikasi tinggi."
"Bengkel Subur #45",Jasa,"Melayani jasa perbaikan, perawatan, dan kebutuhan teknis harian Anda secara cepat dan profesional.",-7.152090,111.909780,081234567145,,,umkm-test-45,"Potong Rambut, Cuci Pakaian",09:00 - 21:00,"Ini adalah kisah perjuangan UMKM Bengkel Subur #45 yang didirikan untuk melayani kebutuhan masyarakat sekitar Campurejo dengan dedikasi tinggi."
"Fotokopi Rasa #46",Jasa,"Melayani jasa perbaikan, perawatan, dan kebutuhan teknis harian Anda secara cepat dan profesional.",-7.144572,111.903076,081234567146,https://images.unsplash.com/photo-1596797038530-2c107229654b?w=500,,umkm-test-46,"Servis Elektronik, Instalasi Listrik",08:00 - 17:00,"Ini adalah kisah perjuangan UMKM Fotokopi Rasa #46 yang didirikan untuk melayani kebutuhan masyarakat sekitar Campurejo dengan dedikasi tinggi."
"Batik Barokah #47",Kerajinan,"Memproduksi kerajinan tangan berkualitas tinggi berbahan lokal untuk hiasan dan peralatan rumah.",-7.153359,111.896694,081234567147,https://images.unsplash.com/photo-1596797038530-2c107229654b?w=500,,umkm-test-47,"Caping, Kain Batik, Hiasan Dinding",05:00 - 22:00,"Ini adalah kisah perjuangan UMKM Batik Barokah #47 yang didirikan untuk melayani kebutuhan masyarakat sekitar Campurejo dengan dedikasi tinggi."
"Nasi Goreng Murni #48",Belanja,"Menjual barang kebutuhan sehari-hari lengkap, sembako murah, dan kebutuhan rumah tangga.",-7.142219,111.895472,081234567148,https://images.unsplash.com/photo-1596797038530-2c107229654b?w=500,,umkm-test-48,"Sembako, Gula Pasir, Minyak Goreng",09:00 - 21:00,"Ini adalah kisah perjuangan UMKM Nasi Goreng Murni #48 yang didirikan untuk melayani kebutuhan masyarakat sekitar Campurejo dengan dedikasi tinggi."
"Salon Lancar #49",Jasa,"Melayani jasa perbaikan, perawatan, dan kebutuhan teknis harian Anda secara cepat dan profesional.",-7.144221,111.896787,081234567149,,,umkm-test-49,"Cuci Pakaian, Jahit Baju",06:00 - 15:00,"Ini adalah kisah perjuangan UMKM Salon Lancar #49 yang didirikan untuk melayani kebutuhan masyarakat sekitar Campurejo dengan dedikasi tinggi."
"Salon Murni #50",Jasa,"Melayani jasa perbaikan, perawatan, dan kebutuhan teknis harian Anda secara cepat dan profesional.",-7.143750,111.894026,081234567150,,,umkm-test-50,"Potong Rambut, Instalasi Listrik, Cuci Pakaian",08:00 - 17:00,"Ini adalah kisah perjuangan UMKM Salon Murni #50 yang didirikan untuk melayani kebutuhan masyarakat sekitar Campurejo dengan dedikasi tinggi."
"Batik Sentosa #51",Belanja,"Menjual barang kebutuhan sehari-hari lengkap, sembako murah, dan kebutuhan rumah tangga.",-7.152309,111.898938,081234567151,,,umkm-test-51,"Minyak Goreng, Gas LPG 3kg, Gula Pasir",08:00 - 17:00,"Ini adalah kisah perjuangan UMKM Batik Sentosa #51 yang didirikan untuk melayani kebutuhan masyarakat sekitar Campurejo dengan dedikasi tinggi."
"Bengkel Subur #52",Jasa,"Melayani jasa perbaikan, perawatan, dan kebutuhan teknis harian Anda secara cepat dan profesional.",-7.146955,111.906802,081234567152,https://images.unsplash.com/photo-1596797038530-2c107229654b?w=500,,umkm-test-52,"Jahit Baju, Potong Rambut, Servis Elektronik",07:00 - 16:00,"Ini adalah kisah perjuangan UMKM Bengkel Subur #52 yang didirikan untuk melayani kebutuhan masyarakat sekitar Campurejo dengan dedikasi tinggi."
"Batik Lestari #53",Kuliner,"Menyediakan aneka hidangan makanan dan minuman lezat khas Nusantara dengan harga merakyat.",-7.157322,111.911473,081234567153,https://images.unsplash.com/photo-1596797038530-2c107229654b?w=500,,umkm-test-53,"Es Teh, Sate Kambing, Soto Ayam",08:00 - 17:00,"Ini adalah kisah perjuangan UMKM Batik Lestari #53 yang didirikan untuk melayani kebutuhan masyarakat sekitar Campurejo dengan dedikasi tinggi."
"Pupuk Lestari #54",Jasa,"Melayani jasa perbaikan, perawatan, dan kebutuhan teknis harian Anda secara cepat dan profesional.",-7.151984,111.893810,081234567154,https://images.unsplash.com/photo-1596797038530-2c107229654b?w=500,,umkm-test-54,"Instalasi Listrik, Jahit Baju",07:00 - 16:00,"Ini adalah kisah perjuangan UMKM Pupuk Lestari #54 yang didirikan untuk melayani kebutuhan masyarakat sekitar Campurejo dengan dedikasi tinggi."
"Warung Rasa #55",Belanja,"Menjual barang kebutuhan sehari-hari lengkap, sembako murah, dan kebutuhan rumah tangga.",-7.151394,111.892114,081234567155,,,umkm-test-55,"Sembako, Gula Pasir",06:00 - 15:00,"Ini adalah kisah perjuangan UMKM Warung Rasa #55 yang didirikan untuk melayani kebutuhan masyarakat sekitar Campurejo dengan dedikasi tinggi."
"Batik Indah #56",Pertanian,"Menyediakan berbagai kebutuhan sarana pertanian, bibit unggul, dan pupuk organik berkualitas.",-7.146468,111.914036,081234567156,,,umkm-test-56,"Pestisida Alami, Alat Tani",07:00 - 16:00,"Ini adalah kisah perjuangan UMKM Batik Indah #56 yang didirikan untuk melayani kebutuhan masyarakat sekitar Campurejo dengan dedikasi tinggi."
"Salon Indah #57",Belanja,"Menjual barang kebutuhan sehari-hari lengkap, sembako murah, dan kebutuhan rumah tangga.",-7.141270,111.907114,081234567157,,,umkm-test-57,"Beras Premium, Sembako, Minyak Goreng",06:00 - 15:00,"Ini adalah kisah perjuangan UMKM Salon Indah #57 yang didirikan untuk melayani kebutuhan masyarakat sekitar Campurejo dengan dedikasi tinggi."
"Fotokopi Lancar #58",Pertanian,"Menyediakan berbagai kebutuhan sarana pertanian, bibit unggul, dan pupuk organik berkualitas.",-7.145287,111.914328,081234567158,,,umkm-test-58,"Bibit Padi, Pestisida Alami, Bibit Jagung",09:00 - 21:00,"Ini adalah kisah perjuangan UMKM Fotokopi Lancar #58 yang didirikan untuk melayani kebutuhan masyarakat sekitar Campurejo dengan dedikasi tinggi."
"Sate Nikmat #59",Jasa,"Melayani jasa perbaikan, perawatan, dan kebutuhan teknis harian Anda secara cepat dan profesional.",-7.145687,111.908340,081234567159,,,umkm-test-59,"Instalasi Listrik, Jahit Baju, Potong Rambut",08:00 - 17:00,"Ini adalah kisah perjuangan UMKM Sate Nikmat #59 yang didirikan untuk melayani kebutuhan masyarakat sekitar Campurejo dengan dedikasi tinggi."
"Pupuk Sejahtera #60",Jasa,"Melayani jasa perbaikan, perawatan, dan kebutuhan teknis harian Anda secara cepat dan profesional.",-7.148078,111.894487,081234567160,https://images.unsplash.com/photo-1596797038530-2c107229654b?w=500,,umkm-test-60,"Jahit Baju, Instalasi Listrik, Potong Rambut",08:00 - 17:00,"Ini adalah kisah perjuangan UMKM Pupuk Sejahtera #60 yang didirikan untuk melayani kebutuhan masyarakat sekitar Campurejo dengan dedikasi tinggi."
"Bakso Barokah #61",Kerajinan,"Memproduksi kerajinan tangan berkualitas tinggi berbahan lokal untuk hiasan dan peralatan rumah.",-7.154615,111.893018,081234567161,https://images.unsplash.com/photo-1596797038530-2c107229654b?w=500,,umkm-test-61,"Caping, Hiasan Dinding",09:00 - 21:00,"Ini adalah kisah perjuangan UMKM Bakso Barokah #61 yang didirikan untuk melayani kebutuhan masyarakat sekitar Campurejo dengan dedikasi tinggi."
"Bakso Mandiri #62",Jasa,"Melayani jasa perbaikan, perawatan, dan kebutuhan teknis harian Anda secara cepat dan profesional.",-7.149353,111.899647,081234567162,,,umkm-test-62,"Cuci Pakaian, Instalasi Listrik",09:00 - 21:00,"Ini adalah kisah perjuangan UMKM Bakso Mandiri #62 yang didirikan untuk melayani kebutuhan masyarakat sekitar Campurejo dengan dedikasi tinggi."
"Nasi Goreng Jaya #63",Pertanian,"Menyediakan berbagai kebutuhan sarana pertanian, bibit unggul, dan pupuk organik berkualitas.",-7.140571,111.901335,081234567163,,,umkm-test-63,"Pestisida Alami, Pupuk Organik, Bibit Jagung",05:00 - 22:00,"Ini adalah kisah perjuangan UMKM Nasi Goreng Jaya #63 yang didirikan untuk melayani kebutuhan masyarakat sekitar Campurejo dengan dedikasi tinggi."
"Bakso Indah #64",Jasa,"Melayani jasa perbaikan, perawatan, dan kebutuhan teknis harian Anda secara cepat dan profesional.",-7.140660,111.910807,081234567164,https://images.unsplash.com/photo-1596797038530-2c107229654b?w=500,,umkm-test-64,"Cuci Pakaian, Jahit Baju",05:00 - 22:00,"Ini adalah kisah perjuangan UMKM Bakso Indah #64 yang didirikan untuk melayani kebutuhan masyarakat sekitar Campurejo dengan dedikasi tinggi."
"Soto Lancar #65",Pertanian,"Menyediakan berbagai kebutuhan sarana pertanian, bibit unggul, dan pupuk organik berkualitas.",-7.152869,111.904201,081234567165,https://images.unsplash.com/photo-1596797038530-2c107229654b?w=500,,umkm-test-65,"Bibit Padi, Pestisida Alami",05:00 - 22:00,"Ini adalah kisah perjuangan UMKM Soto Lancar #65 yang didirikan untuk melayani kebutuhan masyarakat sekitar Campurejo dengan dedikasi tinggi."
"Bibit Nikmat #66",Pertanian,"Menyediakan berbagai kebutuhan sarana pertanian, bibit unggul, dan pupuk organik berkualitas.",-7.138176,111.897863,081234567166,,,umkm-test-66,"Pestisida Alami, Bibit Padi",08:00 - 17:00,"Ini adalah kisah perjuangan UMKM Bibit Nikmat #66 yang didirikan untuk melayani kebutuhan masyarakat sekitar Campurejo dengan dedikasi tinggi."
"Bibit Berkah #67",Belanja,"Menjual barang kebutuhan sehari-hari lengkap, sembako murah, dan kebutuhan rumah tangga.",-7.140787,111.896549,081234567167,,,umkm-test-67,"Beras Premium, Sembako",09:00 - 21:00,"Ini adalah kisah perjuangan UMKM Bibit Berkah #67 yang didirikan untuk melayani kebutuhan masyarakat sekitar Campurejo dengan dedikasi tinggi."
"Fotokopi Sentosa #68",Kerajinan,"Memproduksi kerajinan tangan berkualitas tinggi berbahan lokal untuk hiasan dan peralatan rumah.",-7.156546,111.898109,081234567168,https://images.unsplash.com/photo-1596797038530-2c107229654b?w=500,,umkm-test-68,"Tampah, Hiasan Dinding, Caping",09:00 - 21:00,"Ini adalah kisah perjuangan UMKM Fotokopi Sentosa #68 yang didirikan untuk melayani kebutuhan masyarakat sekitar Campurejo dengan dedikasi tinggi."
"Tani Sejahtera #69",Jasa,"Melayani jasa perbaikan, perawatan, dan kebutuhan teknis harian Anda secara cepat dan profesional.",-7.142138,111.907222,081234567169,https://images.unsplash.com/photo-1596797038530-2c107229654b?w=500,,umkm-test-69,"Instalasi Listrik, Cuci Pakaian",07:00 - 16:00,"Ini adalah kisah perjuangan UMKM Tani Sejahtera #69 yang didirikan untuk melayani kebutuhan masyarakat sekitar Campurejo dengan dedikasi tinggi."
"Tani Berkah #70",Belanja,"Menjual barang kebutuhan sehari-hari lengkap, sembako murah, dan kebutuhan rumah tangga.",-7.148667,111.900709,081234567170,,,umkm-test-70,"Gas LPG 3kg, Sembako, Beras Premium",06:00 - 15:00,"Ini adalah kisah perjuangan UMKM Tani Berkah #70 yang didirikan untuk melayani kebutuhan masyarakat sekitar Campurejo dengan dedikasi tinggi."
"Kios Murni #71",Jasa,"Melayani jasa perbaikan, perawatan, dan kebutuhan teknis harian Anda secara cepat dan profesional.",-7.152810,111.902707,081234567171,,,umkm-test-71,"Potong Rambut, Jahit Baju, Servis Elektronik",05:00 - 22:00,"Ini adalah kisah perjuangan UMKM Kios Murni #71 yang didirikan untuk melayani kebutuhan masyarakat sekitar Campurejo dengan dedikasi tinggi."
"Laundry Nikmat #72",Kerajinan,"Memproduksi kerajinan tangan berkualitas tinggi berbahan lokal untuk hiasan dan peralatan rumah.",-7.149413,111.901667,081234567172,,,umkm-test-72,"Kain Batik, Keranjang Bambu, Tampah",05:00 - 22:00,"Ini adalah kisah perjuangan UMKM Laundry Nikmat #72 yang didirikan untuk melayani kebutuhan masyarakat sekitar Campurejo dengan dedikasi tinggi."
"Warung Sentosa #73",Kuliner,"Menyediakan aneka hidangan makanan dan minuman lezat khas Nusantara dengan harga merakyat.",-7.143754,111.905873,081234567173,https://images.unsplash.com/photo-1596797038530-2c107229654b?w=500,,umkm-test-73,"Bakso Urat, Es Teh",08:00 - 17:00,"Ini adalah kisah perjuangan UMKM Warung Sentosa #73 yang didirikan untuk melayani kebutuhan masyarakat sekitar Campurejo dengan dedikasi tinggi."
"Warung Berkah #74",Kerajinan,"Memproduksi kerajinan tangan berkualitas tinggi berbahan lokal untuk hiasan dan peralatan rumah.",-7.155492,111.914035,081234567174,,,umkm-test-74,"Tampah, Hiasan Dinding",09:00 - 21:00,"Ini adalah kisah perjuangan UMKM Warung Berkah #74 yang didirikan untuk melayani kebutuhan masyarakat sekitar Campurejo dengan dedikasi tinggi."
"Pupuk Barokah #75",Jasa,"Melayani jasa perbaikan, perawatan, dan kebutuhan teknis harian Anda secara cepat dan profesional.",-7.146710,111.901078,081234567175,https://images.unsplash.com/photo-1596797038530-2c107229654b?w=500,,umkm-test-75,"Jahit Baju, Potong Rambut, Instalasi Listrik",08:00 - 17:00,"Ini adalah kisah perjuangan UMKM Pupuk Barokah #75 yang didirikan untuk melayani kebutuhan masyarakat sekitar Campurejo dengan dedikasi tinggi."
"Bibit Sumber Rejeki #76",Jasa,"Melayani jasa perbaikan, perawatan, dan kebutuhan teknis harian Anda secara cepat dan profesional.",-7.141691,111.902700,081234567176,https://images.unsplash.com/photo-1596797038530-2c107229654b?w=500,,umkm-test-76,"Potong Rambut, Jahit Baju",08:00 - 17:00,"Ini adalah kisah perjuangan UMKM Bibit Sumber Rejeki #76 yang didirikan untuk melayani kebutuhan masyarakat sekitar Campurejo dengan dedikasi tinggi."
"Bengkel Berkah #77",Kerajinan,"Memproduksi kerajinan tangan berkualitas tinggi berbahan lokal untuk hiasan dan peralatan rumah.",-7.150164,111.896608,081234567177,https://images.unsplash.com/photo-1596797038530-2c107229654b?w=500,,umkm-test-77,"Keranjang Bambu, Kain Batik, Caping",09:00 - 21:00,"Ini adalah kisah perjuangan UMKM Bengkel Berkah #77 yang didirikan untuk melayani kebutuhan masyarakat sekitar Campurejo dengan dedikasi tinggi."
"Bengkel Rasa #78",Belanja,"Menjual barang kebutuhan sehari-hari lengkap, sembako murah, dan kebutuhan rumah tangga.",-7.156803,111.910108,081234567178,https://images.unsplash.com/photo-1596797038530-2c107229654b?w=500,,umkm-test-78,"Beras Premium, Minyak Goreng",06:00 - 15:00,"Ini adalah kisah perjuangan UMKM Bengkel Rasa #78 yang didirikan untuk melayani kebutuhan masyarakat sekitar Campurejo dengan dedikasi tinggi."
"Laundry Utama #79",Pertanian,"Menyediakan berbagai kebutuhan sarana pertanian, bibit unggul, dan pupuk organik berkualitas.",-7.149096,111.914904,081234567179,,,umkm-test-79,"Pupuk Organik, Alat Tani",06:00 - 15:00,"Ini adalah kisah perjuangan UMKM Laundry Utama #79 yang didirikan untuk melayani kebutuhan masyarakat sekitar Campurejo dengan dedikasi tinggi."
"Kios Makmur #80",Pertanian,"Menyediakan berbagai kebutuhan sarana pertanian, bibit unggul, dan pupuk organik berkualitas.",-7.145839,111.909142,081234567180,,,umkm-test-80,"Pestisida Alami, Bibit Jagung, Alat Tani",05:00 - 22:00,"Ini adalah kisah perjuangan UMKM Kios Makmur #80 yang didirikan untuk melayani kebutuhan masyarakat sekitar Campurejo dengan dedikasi tinggi."
"Jahit Sumber Rejeki #81",Kuliner,"Menyediakan aneka hidangan makanan dan minuman lezat khas Nusantara dengan harga merakyat.",-7.156004,111.910887,081234567181,https://images.unsplash.com/photo-1596797038530-2c107229654b?w=500,,umkm-test-81,"Nasi Pecel, Soto Ayam",06:00 - 15:00,"Ini adalah kisah perjuangan UMKM Jahit Sumber Rejeki #81 yang didirikan untuk melayani kebutuhan masyarakat sekitar Campurejo dengan dedikasi tinggi."
"Soto Mandiri #82",Jasa,"Melayani jasa perbaikan, perawatan, dan kebutuhan teknis harian Anda secara cepat dan profesional.",-7.138703,111.908872,081234567182,,,umkm-test-82,"Potong Rambut, Jahit Baju, Servis Elektronik",06:00 - 15:00,"Ini adalah kisah perjuangan UMKM Soto Mandiri #82 yang didirikan untuk melayani kebutuhan masyarakat sekitar Campurejo dengan dedikasi tinggi."
"Bakso Subur #83",Kuliner,"Menyediakan aneka hidangan makanan dan minuman lezat khas Nusantara dengan harga merakyat.",-7.141049,111.894767,081234567183,,,umkm-test-83,"Soto Ayam, Sate Kambing",08:00 - 17:00,"Ini adalah kisah perjuangan UMKM Bakso Subur #83 yang didirikan untuk melayani kebutuhan masyarakat sekitar Campurejo dengan dedikasi tinggi."
"Depot Subur #84",Kerajinan,"Memproduksi kerajinan tangan berkualitas tinggi berbahan lokal untuk hiasan dan peralatan rumah.",-7.154038,111.911457,081234567184,,,umkm-test-84,"Caping, Kain Batik",07:00 - 16:00,"Ini adalah kisah perjuangan UMKM Depot Subur #84 yang didirikan untuk melayani kebutuhan masyarakat sekitar Campurejo dengan dedikasi tinggi."
"Soto Sari #85",Belanja,"Menjual barang kebutuhan sehari-hari lengkap, sembako murah, dan kebutuhan rumah tangga.",-7.155167,111.913858,081234567185,,,umkm-test-85,"Gas LPG 3kg, Beras Premium",10:00 - 22:00,"Ini adalah kisah perjuangan UMKM Soto Sari #85 yang didirikan untuk melayani kebutuhan masyarakat sekitar Campurejo dengan dedikasi tinggi."
"Nasi Goreng Sentosa #86",Kuliner,"Menyediakan aneka hidangan makanan dan minuman lezat khas Nusantara dengan harga merakyat.",-7.152730,111.897307,081234567186,https://images.unsplash.com/photo-1596797038530-2c107229654b?w=500,,umkm-test-86,"Nasi Pecel, Mie Ayam",05:00 - 22:00,"Ini adalah kisah perjuangan UMKM Nasi Goreng Sentosa #86 yang didirikan untuk melayani kebutuhan masyarakat sekitar Campurejo dengan dedikasi tinggi."
"Bengkel Lancar #87",Kuliner,"Menyediakan aneka hidangan makanan dan minuman lezat khas Nusantara dengan harga merakyat.",-7.145364,111.896547,081234567187,,,umkm-test-87,"Es Teh, Soto Ayam",06:00 - 15:00,"Ini adalah kisah perjuangan UMKM Bengkel Lancar #87 yang didirikan untuk melayani kebutuhan masyarakat sekitar Campurejo dengan dedikasi tinggi."
"Kios Nikmat #88",Pertanian,"Menyediakan berbagai kebutuhan sarana pertanian, bibit unggul, dan pupuk organik berkualitas.",-7.156977,111.907308,081234567188,https://images.unsplash.com/photo-1596797038530-2c107229654b?w=500,,umkm-test-88,"Pestisida Alami, Alat Tani, Bibit Padi",08:00 - 17:00,"Ini adalah kisah perjuangan UMKM Kios Nikmat #88 yang didirikan untuk melayani kebutuhan masyarakat sekitar Campurejo dengan dedikasi tinggi."
"Kios Murni #89",Pertanian,"Menyediakan berbagai kebutuhan sarana pertanian, bibit unggul, dan pupuk organik berkualitas.",-7.150922,111.900993,081234567189,https://images.unsplash.com/photo-1596797038530-2c107229654b?w=500,,umkm-test-89,"Alat Tani, Pestisida Alami, Bibit Jagung",10:00 - 22:00,"Ini adalah kisah perjuangan UMKM Kios Murni #89 yang didirikan untuk melayani kebutuhan masyarakat sekitar Campurejo dengan dedikasi tinggi."
"Batik Sari #90",Kerajinan,"Memproduksi kerajinan tangan berkualitas tinggi berbahan lokal untuk hiasan dan peralatan rumah.",-7.138913,111.897108,081234567190,,,umkm-test-90,"Hiasan Dinding, Kain Batik",06:00 - 15:00,"Ini adalah kisah perjuangan UMKM Batik Sari #90 yang didirikan untuk melayani kebutuhan masyarakat sekitar Campurejo dengan dedikasi tinggi."
"Salon Sumber Rejeki #91",Kuliner,"Menyediakan aneka hidangan makanan dan minuman lezat khas Nusantara dengan harga merakyat.",-7.148394,111.898937,081234567191,,,umkm-test-91,"Bakso Urat, Es Teh, Soto Ayam",10:00 - 22:00,"Ini adalah kisah perjuangan UMKM Salon Sumber Rejeki #91 yang didirikan untuk melayani kebutuhan masyarakat sekitar Campurejo dengan dedikasi tinggi."
"Nasi Goreng Sari #92",Jasa,"Melayani jasa perbaikan, perawatan, dan kebutuhan teknis harian Anda secara cepat dan profesional.",-7.145213,111.902978,081234567192,https://images.unsplash.com/photo-1596797038530-2c107229654b?w=500,,umkm-test-92,"Instalasi Listrik, Jahit Baju, Servis Elektronik",09:00 - 21:00,"Ini adalah kisah perjuangan UMKM Nasi Goreng Sari #92 yang didirikan untuk melayani kebutuhan masyarakat sekitar Campurejo dengan dedikasi tinggi."
"Tani Barokah #93",Belanja,"Menjual barang kebutuhan sehari-hari lengkap, sembako murah, dan kebutuhan rumah tangga.",-7.143897,111.911599,081234567193,,,umkm-test-93,"Beras Premium, Minyak Goreng, Gas LPG 3kg",09:00 - 21:00,"Ini adalah kisah perjuangan UMKM Tani Barokah #93 yang didirikan untuk melayani kebutuhan masyarakat sekitar Campurejo dengan dedikasi tinggi."
"Laundry Lancar #94",Belanja,"Menjual barang kebutuhan sehari-hari lengkap, sembako murah, dan kebutuhan rumah tangga.",-7.151410,111.897160,081234567194,,,umkm-test-94,"Sembako, Gas LPG 3kg",09:00 - 21:00,"Ini adalah kisah perjuangan UMKM Laundry Lancar #94 yang didirikan untuk melayani kebutuhan masyarakat sekitar Campurejo dengan dedikasi tinggi."
"Pupuk Rasa #95",Kuliner,"Menyediakan aneka hidangan makanan dan minuman lezat khas Nusantara dengan harga merakyat.",-7.151636,111.900818,081234567195,https://images.unsplash.com/photo-1596797038530-2c107229654b?w=500,,umkm-test-95,"Bakso Urat, Nasi Pecel",06:00 - 15:00,"Ini adalah kisah perjuangan UMKM Pupuk Rasa #95 yang didirikan untuk melayani kebutuhan masyarakat sekitar Campurejo dengan dedikasi tinggi."
"Salon Berkah #96",Kuliner,"Menyediakan aneka hidangan makanan dan minuman lezat khas Nusantara dengan harga merakyat.",-7.155595,111.907348,081234567196,https://images.unsplash.com/photo-1596797038530-2c107229654b?w=500,,umkm-test-96,"Gorengan Hangat, Mie Ayam, Bakso Urat",09:00 - 21:00,"Ini adalah kisah perjuangan UMKM Salon Berkah #96 yang didirikan untuk melayani kebutuhan masyarakat sekitar Campurejo dengan dedikasi tinggi."
"Bakso Indah #97",Belanja,"Menjual barang kebutuhan sehari-hari lengkap, sembako murah, dan kebutuhan rumah tangga.",-7.157773,111.909067,081234567197,https://images.unsplash.com/photo-1596797038530-2c107229654b?w=500,,umkm-test-97,"Gas LPG 3kg, Sembako, Gula Pasir",05:00 - 22:00,"Ini adalah kisah perjuangan UMKM Bakso Indah #97 yang didirikan untuk melayani kebutuhan masyarakat sekitar Campurejo dengan dedikasi tinggi."
"Anyaman Utama #98",Kerajinan,"Memproduksi kerajinan tangan berkualitas tinggi berbahan lokal untuk hiasan dan peralatan rumah.",-7.155693,111.900310,081234567198,https://images.unsplash.com/photo-1596797038530-2c107229654b?w=500,,umkm-test-98,"Tampah, Hiasan Dinding",09:00 - 21:00,"Ini adalah kisah perjuangan UMKM Anyaman Utama #98 yang didirikan untuk melayani kebutuhan masyarakat sekitar Campurejo dengan dedikasi tinggi."
"Soto Sentosa #99",Jasa,"Melayani jasa perbaikan, perawatan, dan kebutuhan teknis harian Anda secara cepat dan profesional.",-7.144942,111.898380,081234567199,https://images.unsplash.com/photo-1596797038530-2c107229654b?w=500,,umkm-test-99,"Jahit Baju, Instalasi Listrik",06:00 - 15:00,"Ini adalah kisah perjuangan UMKM Soto Sentosa #99 yang didirikan untuk melayani kebutuhan masyarakat sekitar Campurejo dengan dedikasi tinggi."
"Salon Jaya #100",Kerajinan,"Memproduksi kerajinan tangan berkualitas tinggi berbahan lokal untuk hiasan dan peralatan rumah.",-7.157026,111.899937,081234567200,https://images.unsplash.com/photo-1596797038530-2c107229654b?w=500,,umkm-test-100,"Keranjang Bambu, Kain Batik",08:00 - 17:00,"Ini adalah kisah perjuangan UMKM Salon Jaya #100 yang didirikan untuk melayani kebutuhan masyarakat sekitar Campurejo dengan dedikasi tinggi."